{
  "project_info": {
    "project_number": "1031612523872",
    "project_id": "journeyjournal-2ff47",
    "storage_bucket": "journeyjournal-2ff47.appspot.com"
  },
  "client": [
    {
      "client_info": {
        "mobilesdk_app_id": "1:1031612523872:android:5a9adea3dd3b571e842a05",
        "android_client_info": {
          "package_name": "rishav.JourneyJournal"
        }
      },
      "oauth_client": [
        {
          "client_id": "1031612523872-qlejgldlksb0ofocblnforh4oomj6cqd.apps.googleusercontent.com",
          "client_type": 3
        }
      ],
      "api_key": [
        {
          "current_key": "AIzaSyAMhsa2yuG8jvm6H_-KMyRh5027QqmXgGQ"
        }
      ],
      "services": {
        "appinvite_service": {
          "other_platform_oauth_client": [
            {
              "client_id": "1031612523872-qlejgldlksb0ofocblnforh4oomj6cqd.apps.googleusercontent.com",
              "client_type": 3
            }
          ]
        }
      }
    }
  ],
  "configuration_version": "1"
}